Ana Laura Barbosa, 64, Largo Theodoro Martins, 9
Cruzeiro
47734801 Sá / SE, pedroribeiro@example.net, +55 (041) 0093-1874
Bruna Marques, 79, Trecho de Novaes, 51
Conjunto Paulo Vi
18871247 Cassiano dos Dourados / PI, isabelamontenegro@example.net, +55 81 1271-6364
Davi Luiz Viana, 49, Ladeira de da Cunha, 42
Vila Sesc
54442-346 Araújo / CE, theo33@example.com, +55 61 7460-1280
Maya Câmara, 23, Praça de Duarte, 72
Belvedere
84082-463 Vieira de da Rosa / MG, joana00@example.com, +55 (084) 9232 2145
Sabrina Ferreira, 48, Vale Vitor Gabriel Castro
Vila Primeiro De Maio
03521792 Machado das Pedras / AP, nalmeida@example.com, (031) 7751-1566
Renan da Conceição, 37, Jardim José Borges, 13
Vila Satélite
45822119 da Cruz do Amparo / AP, cavalcanteayla@example.net, (081) 4374 8289
Aylla Aparecida, 53, Estação de Ferreira, 52
Conjunto Jardim Filadélfia
02101-405 Rios / RO, zpinto@example.com, 41 9096 3983
Ana Lívia Ribeiro, 27, Lagoa Maria Clara Gomes, 4
Santa Margarida
63086205 Mendonça do Norte / DF, natalia57@example.org, (051) 5175 1162
Luiz Miguel Pimenta, 59, Pátio Fernanda Porto, 16
Zilah Sposito
60317116 Carvalho das Flores / GO, erios@example.net, 51 4057 7252
Zoe da Cruz, 33, Pátio Sá
Vila Califórnia
67267330 Viana de Goiás / DF, lopesdavi-lucca@example.com, (051) 1426-2243
